<?xml version="1.0" encoding="utf-8"?><feed xmlns="http://www.w3.org/2005/Atom" ><generator uri="https://jekyllrb.com/" version="3.8.7">Jekyll</generator><link href="http://localhost:4000/index.xml" rel="self" type="application/atom+xml" /><link href="http://localhost:4000/" rel="alternate" type="text/html" /><updated>2021-04-19T18:38:10+05:30</updated><id>http://localhost:4000/index.xml</id><title type="html">OMGSoundboard</title><subtitle>OMGSoundboard | Badass Android Soundboard</subtitle></feed>